Tarih,USD
24-01-2011,1.58,
25-01-2011,1.57,
26-01-2011,1.56,
27-01-2011,1.57,
28-01-2011,1.58,
31-01-2011,1.59,
01-02-2011,1.61,
02-02-2011,1.59,
03-02-2011,1.58,
04-02-2011,1.58,
07-02-2011,1.60,
08-02-2011,1.58,
09-02-2011,1.57,
10-02-2011,1.59,
11-02-2011,1.60,
14-02-2011,1.60,
15-02-2011,1.59,
16-02-2011,1.60,
17-02-2011,1.59,
18-02-2011,1.58,
21-02-2011,1.58,
22-02-2011,1.58,
23-02-2011,1.60,
24-02-2011,1.59,
25-02-2011,1.61,
28-02-2011,1.60,
01-03-2011,1.60,
02-03-2011,1.61,
03-03-2011,1.62,
04-03-2011,1.61,
07-03-2011,1.60,
08-03-2011,1.60,
09-03-2011,1.59,
10-03-2011,1.59,
11-03-2011,1.58,
14-03-2011,1.59,
15-03-2011,1.58,
16-03-2011,1.58,
17-03-2011,1.58,
18-03-2011,1.59,
21-03-2011,1.58,
22-03-2011,1.58,
23-03-2011,1.57,
24-03-2011,1.56,
25-03-2011,1.55,
28-03-2011,1.55,
29-03-2011,1.56,
30-03-2011,1.56,
31-03-2011,1.56,
01-04-2011,1.54,
04-04-2011,1.54,
05-04-2011,1.54,
06-04-2011,1.53,
07-04-2011,1.52,
08-04-2011,1.52,
11-04-2011,1.50,
12-04-2011,1.51,
13-04-2011,1.52,
14-04-2011,1.51,
15-04-2011,1.52,
18-04-2011,1.52,
19-04-2011,1.52,
20-04-2011,1.53,
21-04-2011,1.52,
22-04-2011,1.52,
25-04-2011,1.52,
26-04-2011,1.52,
27-04-2011,1.53,
28-04-2011,1.52,
29-04-2011,1.52,
02-05-2011,1.52,
03-05-2011,1.52,
04-05-2011,1.53,
05-05-2011,1.54,
06-05-2011,1.54,
09-05-2011,1.54,
10-05-2011,1.54,
11-05-2011,1.56,
12-05-2011,1.57,
13-05-2011,1.59,
16-05-2011,1.58,
17-05-2011,1.59,
18-05-2011,1.59,
20-05-2011,1.58,
23-05-2011,1.58,
24-05-2011,1.61,
25-05-2011,1.60,
26-05-2011,1.60,
27-05-2011,1.60,
30-05-2011,1.61,
31-05-2011,1.60,
01-06-2011,1.59,
02-06-2011,1.59,
03-06-2011,1.59,
06-06-2011,1.58,
07-06-2011,1.58,
08-06-2011,1.58,
09-06-2011,1.59,
10-06-2011,1.58,
13-06-2011,1.58,
14-06-2011,1.57,
15-06-2011,1.58,
16-06-2011,1.60,
17-06-2011,1.62,
20-06-2011,1.60,
21-06-2011,1.61,
22-06-2011,1.60,
23-06-2011,1.61,
24-06-2011,1.63,
27-06-2011,1.63,
28-06-2011,1.64,
29-06-2011,1.64,
30-06-2011,1.64,
01-07-2011,1.62,
04-07-2011,1.62,
05-07-2011,1.61,
06-07-2011,1.63,
07-07-2011,1.63,
08-07-2011,1.64,
11-07-2011,1.62,
12-07-2011,1.64,
13-07-2011,1.65,
14-07-2011,1.65,
15-07-2011,1.65,
18-07-2011,1.65,
19-07-2011,1.66,
20-07-2011,1.66,
21-07-2011,1.66,
22-07-2011,1.67,
25-07-2011,1.67,
26-07-2011,1.72,
27-07-2011,1.72,
28-07-2011,1.70,
29-07-2011,1.68,
01-08-2011,1.68,
02-08-2011,1.67,
03-08-2011,1.70,
04-08-2011,1.71,
05-08-2011,1.72,
08-08-2011,1.74,
09-08-2011,1.75,
10-08-2011,1.77,
11-08-2011,1.75,
12-08-2011,1.78,
15-08-2011,1.78,
16-08-2011,1.77,
17-08-2011,1.78,
18-08-2011,1.77,
19-08-2011,1.78,
22-08-2011,1.79,
23-08-2011,1.79,
24-08-2011,1.78,
25-08-2011,1.78,
26-08-2011,1.77,
29-08-2011,1.75,
02-09-2011,1.75,
05-09-2011,1.74,
06-09-2011,1.76,
07-09-2011,1.77,
08-09-2011,1.75,
09-09-2011,1.77,
12-09-2011,1.78,
13-09-2011,1.79,
14-09-2011,1.78,
15-09-2011,1.77,
16-09-2011,1.78,
19-09-2011,1.78,
20-09-2011,1.80,
21-09-2011,1.80,
22-09-2011,1.80,
23-09-2011,1.83,
26-09-2011,1.84,
27-09-2011,1.85,
28-09-2011,1.85,
29-09-2011,1.85,
30-09-2011,1.85,
03-10-2011,1.86,
04-10-2011,1.87,
05-10-2011,1.90,
06-10-2011,1.88,
07-10-2011,1.85,
10-10-2011,1.84,
11-10-2011,1.84,
12-10-2011,1.84,
13-10-2011,1.83,
14-10-2011,1.83,
17-10-2011,1.84,
18-10-2011,1.84,
19-10-2011,1.87,
20-10-2011,1.85,
21-10-2011,1.87,
24-10-2011,1.85,
25-10-2011,1.83,
26-10-2011,1.80,
27-10-2011,1.77,
28-10-2011,1.76,
31-10-2011,1.76,
01-11-2011,1.75,
02-11-2011,1.79,
03-11-2011,1.78,
04-11-2011,1.78,
10-11-2011,1.75,
11-11-2011,1.79,
14-11-2011,1.78,
15-11-2011,1.78,
16-11-2011,1.79,
17-11-2011,1.80,
18-11-2011,1.81,
21-11-2011,1.82,
22-11-2011,1.84,
23-11-2011,1.84,
24-11-2011,1.86,
25-11-2011,1.86,
28-11-2011,1.88,
29-11-2011,1.86,
30-11-2011,1.85,
01-12-2011,1.85,
02-12-2011,1.83,
05-12-2011,1.82,
06-12-2011,1.83,
07-12-2011,1.84,
08-12-2011,1.83,
09-12-2011,1.83,
12-12-2011,1.85,
13-12-2011,1.86,
14-12-2011,1.87,
15-12-2011,1.88,
16-12-2011,1.88,
19-12-2011,1.88,
20-12-2011,1.89,
21-12-2011,1.90,
22-12-2011,1.88,
23-12-2011,1.89,
26-12-2011,1.89,
27-12-2011,1.89,
28-12-2011,1.89,
29-12-2011,1.90,
30-12-2011,1.92,
02-01-2012,1.90,
03-01-2012,1.89,
04-01-2012,1.89,
05-01-2012,1.87,
06-01-2012,1.88,
09-01-2012,1.88,
10-01-2012,1.87,
11-01-2012,1.87,
12-01-2012,1.86,
13-01-2012,1.85,
16-01-2012,1.85,
17-01-2012,1.85,
18-01-2012,1.84,
19-01-2012,1.84,
20-01-2012,1.83,
23-01-2012,1.83,
24-01-2012,1.83,
25-01-2012,1.82,
26-01-2012,1.83,
27-01-2012,1.80,
30-01-2012,1.78,
31-01-2012,1.79,
01-02-2012,1.77,
02-02-2012,1.77,
03-02-2012,1.76,
06-02-2012,1.75,
07-02-2012,1.76,
08-02-2012,1.76,
09-02-2012,1.75,
10-02-2012,1.75,
13-02-2012,1.76,
14-02-2012,1.76,
15-02-2012,1.77,
16-02-2012,1.76,
17-02-2012,1.78,
20-02-2012,1.76,
21-02-2012,1.74,
22-02-2012,1.75,
23-02-2012,1.75,
24-02-2012,1.76,
27-02-2012,1.76,
28-02-2012,1.77,
29-02-2012,1.76,
01-03-2012,1.75,
02-03-2012,1.75,
05-03-2012,1.76,
06-03-2012,1.77,
07-03-2012,1.78,
08-03-2012,1.79,
09-03-2012,1.77,
12-03-2012,1.78,
13-03-2012,1.80,
14-03-2012,1.79,
15-03-2012,1.79,
16-03-2012,1.80,
19-03-2012,1.80,
20-03-2012,1.81,
21-03-2012,1.82,
22-03-2012,1.81,
23-03-2012,1.81,
26-03-2012,1.80,
27-03-2012,1.79,
28-03-2012,1.78,
29-03-2012,1.78,
30-03-2012,1.78,
02-04-2012,1.78,
03-04-2012,1.78,
04-04-2012,1.78,
05-04-2012,1.79,
06-04-2012,1.80,
09-04-2012,1.79,
10-04-2012,1.80,
11-04-2012,1.80,
12-04-2012,1.81,
13-04-2012,1.80,
16-04-2012,1.79,
17-04-2012,1.80,
18-04-2012,1.79,
19-04-2012,1.79,
20-04-2012,1.79,
24-04-2012,1.79,
25-04-2012,1.79,
26-04-2012,1.77,
27-04-2012,1.77,
30-04-2012,1.76,
02-05-2012,1.76,
03-05-2012,1.76,
04-05-2012,1.76,
07-05-2012,1.76,
08-05-2012,1.77,
09-05-2012,1.76,
10-05-2012,1.79,
11-05-2012,1.79,
14-05-2012,1.79,
15-05-2012,1.81,
16-05-2012,1.81,
17-05-2012,1.83,
18-05-2012,1.82,
21-05-2012,1.83,
22-05-2012,1.83,
23-05-2012,1.83,
24-05-2012,1.85,
25-05-2012,1.85,
28-05-2012,1.84,
29-05-2012,1.83,
30-05-2012,1.84,
31-05-2012,1.84,
01-06-2012,1.85,
04-06-2012,1.87,
05-06-2012,1.85,
06-06-2012,1.85,
07-06-2012,1.84,
08-06-2012,1.83,
11-06-2012,1.84,
12-06-2012,1.82,
13-06-2012,1.83,
14-06-2012,1.83,
15-06-2012,1.82,
18-06-2012,1.82,
19-06-2012,1.81,
20-06-2012,1.81,
21-06-2012,1.79,
22-06-2012,1.80,
25-06-2012,1.81,
26-06-2012,1.82,
27-06-2012,1.82,
28-06-2012,1.81,
29-06-2012,1.82,
02-07-2012,1.82,
03-07-2012,1.81,
04-07-2012,1.80,
05-07-2012,1.80,
06-07-2012,1.81,
09-07-2012,1.82,
10-07-2012,1.82,
11-07-2012,1.82,
12-07-2012,1.81,
13-07-2012,1.82,
16-07-2012,1.82,
17-07-2012,1.81,
18-07-2012,1.81,
19-07-2012,1.81,
20-07-2012,1.80,
23-07-2012,1.81,
24-07-2012,1.82,
25-07-2012,1.83,
26-07-2012,1.82,
27-07-2012,1.82,
30-07-2012,1.82,
31-07-2012,1.81,
01-08-2012,1.80,
02-08-2012,1.79,
03-08-2012,1.80,
06-08-2012,1.79,
07-08-2012,1.78,
08-08-2012,1.78,
09-08-2012,1.79,
10-08-2012,1.78,
13-08-2012,1.79,
14-08-2012,1.79,
15-08-2012,1.79,
16-08-2012,1.80,
17-08-2012,1.80,
22-08-2012,1.80,
23-08-2012,1.80,
24-08-2012,1.79,
27-08-2012,1.80,
28-08-2012,1.80,
29-08-2012,1.80,
31-08-2012,1.82,
03-09-2012,1.82,
04-09-2012,1.82,
05-09-2012,1.82,
06-09-2012,1.82,
07-09-2012,1.82,
10-09-2012,1.81,
11-09-2012,1.80,
12-09-2012,1.80,
13-09-2012,1.80,
14-09-2012,1.81,
17-09-2012,1.79,
18-09-2012,1.80,
19-09-2012,1.80,
20-09-2012,1.79,
21-09-2012,1.80,
24-09-2012,1.80,
25-09-2012,1.80,
26-09-2012,1.79,
27-09-2012,1.79,
28-09-2012,1.79,
01-10-2012,1.79,
02-10-2012,1.80,
03-10-2012,1.79,
04-10-2012,1.79,
05-10-2012,1.81,
08-10-2012,1.80,
09-10-2012,1.81,
10-10-2012,1.81,
11-10-2012,1.82,
12-10-2012,1.81,
15-10-2012,1.81,
16-10-2012,1.81,
17-10-2012,1.81,
18-10-2012,1.80,
19-10-2012,1.80,
22-10-2012,1.80,
23-10-2012,1.79,
24-10-2012,1.80,
30-10-2012,1.80,
31-10-2012,1.80,
01-11-2012,1.79,
02-11-2012,1.79,
05-11-2012,1.79,
06-11-2012,1.79,
07-11-2012,1.78,
08-11-2012,1.78,
09-11-2012,1.78,
12-11-2012,1.79,
13-11-2012,1.80,
14-11-2012,1.81,
15-11-2012,1.80,
16-11-2012,1.80,
19-11-2012,1.80,
20-11-2012,1.80,
21-11-2012,1.80,
22-11-2012,1.80,
23-11-2012,1.80,
26-11-2012,1.80,
27-11-2012,1.80,
28-11-2012,1.79,
29-11-2012,1.79,
30-11-2012,1.79,
03-12-2012,1.79,
04-12-2012,1.79,
05-12-2012,1.79,
06-12-2012,1.79,
07-12-2012,1.79,
10-12-2012,1.79,
11-12-2012,1.79,
12-12-2012,1.79,
13-12-2012,1.78,
14-12-2012,1.78,
17-12-2012,1.78,
18-12-2012,1.78,
19-12-2012,1.78,
20-12-2012,1.78,
21-12-2012,1.78,
24-12-2012,1.80,
25-12-2012,1.80,
26-12-2012,1.80,
27-12-2012,1.79,
28-12-2012,1.79,
31-12-2012,1.79,
02-01-2013,1.79,
03-01-2013,1.78,
04-01-2013,1.78,
07-01-2013,1.79,
08-01-2013,1.78,
09-01-2013,1.78,
10-01-2013,1.78,
11-01-2013,1.78,
14-01-2013,1.77,
15-01-2013,1.77,
16-01-2013,1.77,
17-01-2013,1.77,
18-01-2013,1.76,
21-01-2013,1.76,
22-01-2013,1.76,
23-01-2013,1.77,
24-01-2013,1.77,
25-01-2013,1.77,
28-01-2013,1.77,
29-01-2013,1.77,
30-01-2013,1.77,
31-01-2013,1.77,
01-02-2013,1.76,
04-02-2013,1.75,
05-02-2013,1.75,
06-02-2013,1.76,
07-02-2013,1.77,
08-02-2013,1.77,
11-02-2013,1.77,
12-02-2013,1.77,
13-02-2013,1.78,
14-02-2013,1.77,
15-02-2013,1.77,
18-02-2013,1.77,
19-02-2013,1.77,
20-02-2013,1.77,
21-02-2013,1.78,
22-02-2013,1.79,
25-02-2013,1.79,
26-02-2013,1.80,
27-02-2013,1.81,
28-02-2013,1.81,
01-03-2013,1.80,
04-03-2013,1.80,
05-03-2013,1.81,
06-03-2013,1.80,
07-03-2013,1.79,
08-03-2013,1.80,
11-03-2013,1.80,
12-03-2013,1.81,
13-03-2013,1.81,
14-03-2013,1.81,
15-03-2013,1.82,
18-03-2013,1.81,
19-03-2013,1.82,
20-03-2013,1.82,
21-03-2013,1.82,
22-03-2013,1.82,
25-03-2013,1.82,
26-03-2013,1.82,
27-03-2013,1.82,
28-03-2013,1.82,
29-03-2013,1.82,
01-04-2013,1.81,
02-04-2013,1.81,
03-04-2013,1.81,
04-04-2013,1.81,
05-04-2013,1.81,
08-04-2013,1.80,
09-04-2013,1.79,
10-04-2013,1.79,
11-04-2013,1.79,
12-04-2013,1.79,
15-04-2013,1.79,
16-04-2013,1.79,
17-04-2013,1.80,
18-04-2013,1.79,
19-04-2013,1.80,
22-04-2013,1.80,
24-04-2013,1.80,
25-04-2013,1.81,
26-04-2013,1.80,
29-04-2013,1.80,
30-04-2013,1.80,
02-05-2013,1.80,
03-05-2013,1.80,
06-05-2013,1.80,
07-05-2013,1.80,
08-05-2013,1.80,
09-05-2013,1.80,
10-05-2013,1.79,
13-05-2013,1.80,
14-05-2013,1.81,
15-05-2013,1.81,
16-05-2013,1.82,
17-05-2013,1.83,
20-05-2013,1.84,
21-05-2013,1.85,
22-05-2013,1.85,
23-05-2013,1.84,
24-05-2013,1.85,
27-05-2013,1.85,
28-05-2013,1.85,
29-05-2013,1.85,
30-05-2013,1.87,
31-05-2013,1.87,
03-06-2013,1.89,
04-06-2013,1.89,
05-06-2013,1.88,
06-06-2013,1.88,
07-06-2013,1.89,
10-06-2013,1.89,
11-06-2013,1.90,
12-06-2013,1.90,
13-06-2013,1.88,
14-06-2013,1.87,
17-06-2013,1.86,
18-06-2013,1.87,
19-06-2013,1.88,
20-06-2013,1.88,
21-06-2013,1.92,
24-06-2013,1.93,
25-06-2013,1.94,
26-06-2013,1.94,
27-06-2013,1.94,
28-06-2013,1.93,
01-07-2013,1.93,
02-07-2013,1.93,
03-07-2013,1.93,
04-07-2013,1.95,
05-07-2013,1.95,
08-07-2013,1.95,
09-07-2013,1.95,
10-07-2013,1.94,
11-07-2013,1.95,
12-07-2013,1.94,
15-07-2013,1.96,
16-07-2013,1.94,
17-07-2013,1.93,
18-07-2013,1.93,
19-07-2013,1.92,
22-07-2013,1.92,
23-07-2013,1.92,
24-07-2013,1.92,
25-07-2013,1.91,
26-07-2013,1.93,
29-07-2013,1.92,
30-07-2013,1.93,
31-07-2013,1.93,
01-08-2013,1.93,
02-08-2013,1.94,
05-08-2013,1.95,
06-08-2013,1.93,
07-08-2013,1.93,
12-08-2013,1.93,
13-08-2013,1.93,
14-08-2013,1.93,
15-08-2013,1.94,
16-08-2013,1.93,
19-08-2013,1.94,
20-08-2013,1.95,
21-08-2013,1.95,
22-08-2013,1.96,
23-08-2013,1.99,
26-08-2013,1.99,
27-08-2013,2.00,
28-08-2013,2.03,
29-08-2013,2.06,
02-09-2013,2.03,
03-09-2013,2.02,
04-09-2013,2.05,
05-09-2013,2.06,
06-09-2013,2.08,
09-09-2013,2.07,
10-09-2013,2.04,
11-09-2013,2.03,
12-09-2013,2.02,
13-09-2013,2.03,
16-09-2013,2.03,
17-09-2013,2.00,
18-09-2013,2.01,
19-09-2013,2.01,
20-09-2013,1.96,
23-09-2013,1.98,
24-09-2013,1.99,
25-09-2013,2.00,
26-09-2013,2.01,
27-09-2013,2.02,
30-09-2013,2.04,
01-10-2013,2.04,
02-10-2013,2.01,
03-10-2013,2.02,
04-10-2013,2.00,
07-10-2013,2.00,
08-10-2013,2.00,
09-10-2013,1.99,
10-10-2013,1.99,
11-10-2013,1.98,
14-10-2013,1.98,
21-10-2013,1.98,
22-10-2013,1.98,
23-10-2013,1.98,
24-10-2013,1.98,
25-10-2013,1.98,
28-10-2013,1.99,
30-10-2013,1.99,
31-10-2013,1.99,
01-11-2013,1.99,
04-11-2013,2.01,
05-11-2013,2.02,
06-11-2013,2.03,
07-11-2013,2.03,
08-11-2013,2.03,
11-11-2013,2.03,
12-11-2013,2.04,
13-11-2013,2.05,
14-11-2013,2.06,
15-11-2013,2.05,
18-11-2013,2.04,
19-11-2013,2.02,
20-11-2013,2.02,
21-11-2013,2.01,
22-11-2013,2.02,
25-11-2013,2.02,
26-11-2013,2.00,
27-11-2013,2.01,
28-11-2013,2.02,
29-11-2013,2.02,
02-12-2013,2.02,
03-12-2013,2.03,
04-12-2013,2.04,
05-12-2013,2.05,
06-12-2013,2.05,
09-12-2013,2.04,
10-12-2013,2.03,
11-12-2013,2.03,
12-12-2013,2.03,
13-12-2013,2.04,
16-12-2013,2.04,
17-12-2013,2.04,
18-12-2013,2.04,
19-12-2013,2.05,
20-12-2013,2.06,
23-12-2013,2.09,
24-12-2013,2.09,
25-12-2013,2.08,
26-12-2013,2.07,
27-12-2013,2.10,
30-12-2013,2.16,
31-12-2013,2.14,
02-01-2014,2.13,
03-01-2014,2.18,
06-01-2014,2.17,
07-01-2014,2.19,
08-01-2014,2.18,
09-01-2014,2.18,
10-01-2014,2.19,
13-01-2014,2.18,
14-01-2014,2.18,
15-01-2014,2.19,
16-01-2014,2.20,
17-01-2014,2.21,
20-01-2014,2.21,
21-01-2014,2.24,
22-01-2014,2.25,
23-01-2014,2.26,
24-01-2014,2.28,
27-01-2014,2.32,
28-01-2014,2.35,
29-01-2014,2.27,
30-01-2014,2.23,
31-01-2014,2.28,
03-02-2014,2.27,
04-02-2014,2.27,
05-02-2014,2.26,
06-02-2014,2.24,
07-02-2014,2.23,
10-02-2014,2.22,
11-02-2014,2.23,
12-02-2014,2.21,
13-02-2014,2.20,
14-02-2014,2.20,
17-02-2014,2.19,
18-02-2014,2.18,
19-02-2014,2.18,
20-02-2014,2.19,
21-02-2014,2.21,
24-02-2014,2.20,
25-02-2014,2.18,
26-02-2014,2.21,
27-02-2014,2.21,
28-02-2014,2.24,
03-03-2014,2.22,
04-03-2014,2.22,
05-03-2014,2.22,
06-03-2014,2.21,
07-03-2014,2.20,
10-03-2014,2.19,
11-03-2014,2.22,
12-03-2014,2.23,
13-03-2014,2.25,
14-03-2014,2.23,
17-03-2014,2.24,
18-03-2014,2.23,
19-03-2014,2.23,
20-03-2014,2.23,
21-03-2014,2.24,
24-03-2014,2.24,
25-03-2014,2.24,
26-03-2014,2.24,
27-03-2014,2.22,
28-03-2014,2.20,
31-03-2014,2.19,
01-04-2014,2.16,
02-04-2014,2.15,
03-04-2014,2.14,
04-04-2014,2.14,
07-04-2014,2.14,
08-04-2014,2.12,
09-04-2014,2.10,
10-04-2014,2.11,
11-04-2014,2.10,
14-04-2014,2.12,
15-04-2014,2.13,
16-04-2014,2.13,
17-04-2014,2.14,
18-04-2014,2.13,
21-04-2014,2.13,
22-04-2014,2.14,
24-04-2014,2.14,
25-04-2014,2.14,
28-04-2014,2.14,
29-04-2014,2.14,
30-04-2014,2.12,
02-05-2014,2.12,
05-05-2014,2.11,
06-05-2014,2.10,
07-05-2014,2.10,
08-05-2014,2.10,
09-05-2014,2.08,
12-05-2014,2.08,
13-05-2014,2.08,
14-05-2014,2.07,
15-05-2014,2.07,
16-05-2014,2.08,
20-05-2014,2.10,
21-05-2014,2.11,
22-05-2014,2.11,
23-05-2014,2.10,
26-05-2014,2.09,
27-05-2014,2.09,
28-05-2014,2.10,
29-05-2014,2.11,
30-05-2014,2.10,
02-06-2014,2.10,
03-06-2014,2.10,
04-06-2014,2.11,
05-06-2014,2.12,
06-06-2014,2.11,
09-06-2014,2.09,
10-06-2014,2.08,
11-06-2014,2.09,
12-06-2014,2.10,
13-06-2014,2.11,
16-06-2014,2.12,
17-06-2014,2.14,
18-06-2014,2.14,
19-06-2014,2.15,
20-06-2014,2.13,
23-06-2014,2.14,
24-06-2014,2.14,
25-06-2014,2.14,
26-06-2014,2.14,
27-06-2014,2.13,
30-06-2014,2.13,
01-07-2014,2.13,
02-07-2014,2.12,
03-07-2014,2.13,
04-07-2014,2.14,
07-07-2014,2.13,
08-07-2014,2.14,
09-07-2014,2.13,
10-07-2014,2.13,
11-07-2014,2.13,
14-07-2014,2.13,
15-07-2014,2.12,
16-07-2014,2.12,
17-07-2014,2.13,
18-07-2014,2.13,
21-07-2014,2.13,
22-07-2014,2.12,
23-07-2014,2.12,
24-07-2014,2.10,
25-07-2014,2.09,
31-07-2014,2.10,
01-08-2014,2.14,
04-08-2014,2.15,
05-08-2014,2.14,
06-08-2014,2.13,
07-08-2014,2.17,
08-08-2014,2.16,
11-08-2014,2.17,
12-08-2014,2.15,
13-08-2014,2.17,
14-08-2014,2.16,
15-08-2014,2.16,
18-08-2014,2.16,
19-08-2014,2.17,
20-08-2014,2.17,
21-08-2014,2.17,
22-08-2014,2.18,
25-08-2014,2.18,
26-08-2014,2.18,
27-08-2014,2.17,
28-08-2014,2.16,
29-08-2014,2.17,
01-09-2014,2.16,
02-09-2014,2.16,
03-09-2014,2.17,
04-09-2014,2.17,
05-09-2014,2.16,
08-09-2014,2.17,
09-09-2014,2.17,
10-09-2014,2.19,
11-09-2014,2.21,
12-09-2014,2.20,
15-09-2014,2.21,
16-09-2014,2.22,
17-09-2014,2.21,
18-09-2014,2.21,
19-09-2014,2.23,
22-09-2014,2.23,
23-09-2014,2.24,
24-09-2014,2.24,
25-09-2014,2.24,
26-09-2014,2.25,
29-09-2014,2.26,
30-09-2014,2.28,
01-10-2014,2.28,
02-10-2014,2.29,
03-10-2014,2.28,
08-10-2014,2.28,
09-10-2014,2.29,
10-10-2014,2.26,
13-10-2014,2.28,
14-10-2014,2.27,
15-10-2014,2.28,
16-10-2014,2.27,
17-10-2014,2.28,
20-10-2014,2.26,
21-10-2014,2.25,
22-10-2014,2.24,
23-10-2014,2.25,
24-10-2014,2.24,
27-10-2014,2.24,
28-10-2014,2.24,
30-10-2014,2.24,
31-10-2014,2.22,
03-11-2014,2.21,
04-11-2014,2.23,
05-11-2014,2.23,
06-11-2014,2.24,
07-11-2014,2.24,
10-11-2014,2.27,
11-11-2014,2.25,
12-11-2014,2.27,
13-11-2014,2.26,
14-11-2014,2.25,
17-11-2014,2.25,
18-11-2014,2.23,
19-11-2014,2.22,
20-11-2014,2.23,
21-11-2014,2.24,
24-11-2014,2.23,
25-11-2014,2.23,
26-11-2014,2.23,
27-11-2014,2.23,
28-11-2014,2.22,
01-12-2014,2.21,
02-12-2014,2.22,
03-12-2014,2.22,
04-12-2014,2.24,
05-12-2014,2.24,
08-12-2014,2.24,
09-12-2014,2.28,
10-12-2014,2.26,
11-12-2014,2.26,
12-12-2014,2.26,
15-12-2014,2.28,
16-12-2014,2.32,
17-12-2014,2.37,
18-12-2014,2.37,
19-12-2014,2.33,
22-12-2014,2.33,
23-12-2014,2.32,
24-12-2014,2.32,
25-12-2014,2.33,
26-12-2014,2.32,
29-12-2014,2.32,
30-12-2014,2.33,
31-12-2014,2.32,
02-01-2015,2.33,
05-01-2015,2.35,
06-01-2015,2.35,
07-01-2015,2.33,
08-01-2015,2.33,
09-01-2015,2.31,
12-01-2015,2.30,
13-01-2015,2.29,
14-01-2015,2.28,
15-01-2015,2.30,
16-01-2015,2.28,
19-01-2015,2.31,
20-01-2015,2.34,
21-01-2015,2.34,
22-01-2015,2.34,
23-01-2015,2.35,
26-01-2015,2.34,
27-01-2015,2.36,
28-01-2015,2.36,
29-01-2015,2.37,
30-01-2015,2.41,
02-02-2015,2.42,
03-02-2015,2.43,
04-02-2015,2.42,
05-02-2015,2.41,
06-02-2015,2.45,
09-02-2015,2.44,
10-02-2015,2.49,
11-02-2015,2.48,
12-02-2015,2.49,
13-02-2015,2.49,
16-02-2015,2.47,
17-02-2015,2.46,
18-02-2015,2.45,
19-02-2015,2.47,
20-02-2015,2.45,
23-02-2015,2.46,
24-02-2015,2.48,
25-02-2015,2.48,
26-02-2015,2.46,
27-02-2015,2.48,
02-03-2015,2.51,
03-03-2015,2.52,
04-03-2015,2.52,
05-03-2015,2.55,
06-03-2015,2.59,
09-03-2015,2.60,
10-03-2015,2.61,
11-03-2015,2.63,
12-03-2015,2.62,
13-03-2015,2.59,
16-03-2015,2.62,
17-03-2015,2.63,
18-03-2015,2.62,
19-03-2015,2.62,
20-03-2015,2.60,
23-03-2015,2.60,
24-03-2015,2.57,
25-03-2015,2.56,
26-03-2015,2.56,
27-03-2015,2.60,
30-03-2015,2.62,
31-03-2015,2.61,
01-04-2015,2.62,
02-04-2015,2.61,
03-04-2015,2.60,
06-04-2015,2.60,
07-04-2015,2.57,
08-04-2015,2.58,
09-04-2015,2.59,
10-04-2015,2.60,
13-04-2015,2.63,
14-04-2015,2.65,
15-04-2015,2.68,
16-04-2015,2.70,
17-04-2015,2.70,
20-04-2015,2.69,
21-04-2015,2.70,
22-04-2015,2.70,
24-04-2015,2.69,
27-04-2015,2.73,
28-04-2015,2.73,
29-04-2015,2.68,
30-04-2015,2.67,
04-05-2015,2.66,
05-05-2015,2.72,
06-05-2015,2.71,
07-05-2015,2.71,
08-05-2015,2.70,
11-05-2015,2.69,
12-05-2015,2.70,
13-05-2015,2.69,
14-05-2015,2.66,
15-05-2015,2.62,
18-05-2015,2.59,
20-05-2015,2.58,
21-05-2015,2.61,
22-05-2015,2.57,
25-05-2015,2.60,
26-05-2015,2.61,
27-05-2015,2.63,
28-05-2015,2.65,
29-05-2015,2.66,
01-06-2015,2.66,
02-06-2015,2.68,
03-06-2015,2.68,
04-06-2015,2.69,
05-06-2015,2.70,
08-06-2015,2.67,
09-06-2015,2.77,
10-06-2015,2.75,
11-06-2015,2.74,
12-06-2015,2.74,
15-06-2015,2.72,
16-06-2015,2.74,
17-06-2015,2.75,
18-06-2015,2.74,
19-06-2015,2.72,
22-06-2015,2.72,
23-06-2015,2.68,
24-06-2015,2.68,
25-06-2015,2.68,
26-06-2015,2.67,
29-06-2015,2.66,
30-06-2015,2.69,
01-07-2015,2.69,
02-07-2015,2.68,
03-07-2015,2.70,
06-07-2015,2.69,
07-07-2015,2.69,
08-07-2015,2.68,
09-07-2015,2.69,
10-07-2015,2.68,
13-07-2015,2.67,
14-07-2015,2.66,
15-07-2015,2.64,
16-07-2015,2.64,
20-07-2015,2.64,
21-07-2015,2.68,
22-07-2015,2.69,
23-07-2015,2.71,
24-07-2015,2.72,
27-07-2015,2.74,
28-07-2015,2.76,
29-07-2015,2.76,
30-07-2015,2.77,
31-07-2015,2.78,
03-08-2015,2.79,
04-08-2015,2.78,
05-08-2015,2.77,
06-08-2015,2.79,
07-08-2015,2.79,
10-08-2015,2.78,
11-08-2015,2.79,
12-08-2015,2.77,
13-08-2015,2.78,
14-08-2015,2.79,
17-08-2015,2.84,
18-08-2015,2.85,
19-08-2015,2.88,
20-08-2015,2.91,
21-08-2015,2.97,
24-08-2015,2.92,
25-08-2015,2.95,
26-08-2015,2.93,
27-08-2015,2.94,
28-08-2015,2.92,
31-08-2015,2.92,
01-09-2015,2.92,
02-09-2015,2.92,
03-09-2015,2.95,
04-09-2015,2.96,
07-09-2015,2.98,
08-09-2015,3.03,
09-09-2015,3.02,
10-09-2015,3.01,
11-09-2015,3.05,
14-09-2015,3.04,
15-09-2015,3.07,
16-09-2015,3.05,
17-09-2015,3.02,
18-09-2015,3.02,
21-09-2015,3.00,
22-09-2015,3.00,
23-09-2015,3.01,
28-09-2015,3.01,
29-09-2015,3.05,
30-09-2015,3.05,
01-10-2015,3.03,
02-10-2015,3.02,
05-10-2015,3.03,
06-10-2015,3.00,
07-10-2015,2.99,
08-10-2015,2.94,
09-10-2015,2.94,
12-10-2015,2.90,
13-10-2015,2.93,
14-10-2015,2.95,
15-10-2015,2.95,
16-10-2015,2.89,
19-10-2015,2.90,
20-10-2015,2.89,
21-10-2015,2.90,
22-10-2015,2.91,
23-10-2015,2.89,
26-10-2015,2.87,
27-10-2015,2.90,
28-10-2015,2.90,
30-10-2015,2.90,
02-11-2015,2.92,
03-11-2015,2.81,
04-11-2015,2.83,
05-11-2015,2.84,
06-11-2015,2.87,
09-11-2015,2.88,
10-11-2015,2.92,
11-11-2015,2.92,
12-11-2015,2.90,
13-11-2015,2.88,
16-11-2015,2.87,
17-11-2015,2.88,
18-11-2015,2.88,
19-11-2015,2.87,
20-11-2015,2.85,
23-11-2015,2.84,
24-11-2015,2.85,
25-11-2015,2.87,
26-11-2015,2.89,
27-11-2015,2.91,
30-11-2015,2.92,
01-12-2015,2.92,
02-12-2015,2.90,
03-12-2015,2.88,
04-12-2015,2.89,
07-12-2015,2.90,
08-12-2015,2.89,
09-12-2015,2.92,
10-12-2015,2.92,
11-12-2015,2.92,
14-12-2015,2.95,
15-12-2015,2.97,
16-12-2015,2.98,
17-12-2015,2.97,
18-12-2015,2.94,
21-12-2015,2.93,
22-12-2015,2.91,
23-12-2015,2.93,
24-12-2015,2.93,
25-12-2015,2.92,
28-12-2015,2.92,
29-12-2015,2.92,
30-12-2015,2.91,
31-12-2015,2.91,
04-01-2016,2.92,
05-01-2016,2.95,
06-01-2016,2.98,
07-01-2016,3.01,
08-01-2016,3.02,
11-01-2016,2.99,
12-01-2016,3.02,
13-01-2016,3.04,
14-01-2016,3.02,
15-01-2016,3.03,
18-01-2016,3.04,
19-01-2016,3.04,
20-01-2016,3.03,
21-01-2016,3.06,
22-01-2016,3.04,
25-01-2016,3.02,
26-01-2016,3.02,
27-01-2016,3.03,
28-01-2016,3.00,
29-01-2016,2.98,
01-02-2016,2.97,
02-02-2016,2.97,
03-02-2016,2.96,
04-02-2016,2.95,
05-02-2016,2.91,
08-02-2016,2.91,
09-02-2016,2.93,
10-02-2016,2.95,
11-02-2016,2.93,
12-02-2016,2.93,
15-02-2016,2.93,
16-02-2016,2.95,
17-02-2016,2.96,
18-02-2016,2.97,
19-02-2016,2.97,
22-02-2016,2.97,
23-02-2016,2.95,
24-02-2016,2.94,
25-02-2016,2.94,
26-02-2016,2.93,
29-02-2016,2.93,
01-03-2016,2.97,
02-03-2016,2.95,
03-03-2016,2.94,
04-03-2016,2.93,
07-03-2016,2.92,
08-03-2016,2.93,
09-03-2016,2.93,
10-03-2016,2.91,
11-03-2016,2.89,
14-03-2016,2.88,
15-03-2016,2.88,
16-03-2016,2.89,
17-03-2016,2.91,
18-03-2016,2.86,
21-03-2016,2.86,
22-03-2016,2.87,
23-03-2016,2.88,
24-03-2016,2.87,
25-03-2016,2.88,
28-03-2016,2.88,
29-03-2016,2.88,
30-03-2016,2.87,
31-03-2016,2.84,
01-04-2016,2.83,
04-04-2016,2.82,
05-04-2016,2.82,
06-04-2016,2.83,
07-04-2016,2.85,
08-04-2016,2.85,
11-04-2016,2.86,
12-04-2016,2.84,
13-04-2016,2.83,
14-04-2016,2.85,
15-04-2016,2.86,
18-04-2016,2.86,
19-04-2016,2.86,
20-04-2016,2.84,
21-04-2016,2.83,
22-04-2016,2.83,
25-04-2016,2.83,
26-04-2016,2.85,
27-04-2016,2.84,
28-04-2016,2.82,
29-04-2016,2.82,
02-05-2016,2.81,
03-05-2016,2.80,
04-05-2016,2.81,
05-05-2016,2.86,
06-05-2016,2.93,
09-05-2016,2.92,
10-05-2016,2.93,
11-05-2016,2.94,
12-05-2016,2.97,
13-05-2016,2.95,
16-05-2016,2.96,
17-05-2016,2.98,
18-05-2016,2.97,
20-05-2016,2.98,
23-05-2016,2.98,
24-05-2016,2.99,
25-05-2016,2.99,
26-05-2016,2.95,
27-05-2016,2.94,
30-05-2016,2.95,
31-05-2016,2.96,
01-06-2016,2.96,
02-06-2016,2.95,
03-06-2016,2.94,
06-06-2016,2.95,
07-06-2016,2.91,
08-06-2016,2.90,
09-06-2016,2.89,
10-06-2016,2.90,
13-06-2016,2.92,
14-06-2016,2.93,
15-06-2016,2.94,
16-06-2016,2.93,
17-06-2016,2.93,
20-06-2016,2.94,
21-06-2016,2.90,
22-06-2016,2.90,
23-06-2016,2.91,
24-06-2016,2.89,
27-06-2016,2.93,
28-06-2016,2.94,
29-06-2016,2.92,
30-06-2016,2.90,
01-07-2016,2.89,
04-07-2016,2.89,
08-07-2016,2.89,
11-07-2016,2.93,
12-07-2016,2.90,
13-07-2016,2.89,
14-07-2016,2.90,
15-07-2016,2.90,
18-07-2016,2.89,
19-07-2016,2.95,
20-07-2016,2.98,
21-07-2016,3.03,
22-07-2016,3.08,
25-07-2016,3.06,
26-07-2016,3.04,
27-07-2016,3.04,
28-07-2016,3.04,
29-07-2016,3.02,
01-08-2016,3.02,
02-08-2016,2.99,
03-08-2016,3.00,
04-08-2016,3.01,
05-08-2016,3.03,
08-08-2016,3.01,
09-08-2016,2.99,
10-08-2016,2.98,
11-08-2016,2.96,
12-08-2016,2.97,
15-08-2016,2.96,
16-08-2016,2.96,
17-08-2016,2.94,
18-08-2016,2.94,
19-08-2016,2.93,
22-08-2016,2.94,
23-08-2016,2.95,
24-08-2016,2.94,
25-08-2016,2.96,
26-08-2016,2.94,
29-08-2016,2.94,
31-08-2016,2.96,
01-09-2016,2.96,
02-09-2016,2.96,
05-09-2016,2.96,
06-09-2016,2.95,
07-09-2016,2.94,
08-09-2016,2.93,
09-09-2016,2.94,
16-09-2016,2.96,
19-09-2016,2.97,
20-09-2016,2.98,
21-09-2016,2.98,
22-09-2016,2.98,
23-09-2016,2.95,
26-09-2016,2.95,
27-09-2016,2.99,
28-09-2016,2.98,
29-09-2016,2.98,
30-09-2016,3.00,
03-10-2016,3.01,
04-10-2016,3.01,
05-10-2016,3.03,
06-10-2016,3.06,
07-10-2016,3.06,
10-10-2016,3.06,
11-10-2016,3.06,
12-10-2016,3.09,
13-10-2016,3.09,
14-10-2016,3.10,
17-10-2016,3.09,
18-10-2016,3.10,
19-10-2016,3.10,
20-10-2016,3.08,
21-10-2016,3.07,
24-10-2016,3.08,
25-10-2016,3.08,
26-10-2016,3.08,
27-10-2016,3.08,
28-10-2016,3.11,
31-10-2016,3.11,
01-11-2016,3.11,
02-11-2016,3.10,
03-11-2016,3.12,
04-11-2016,3.12,
07-11-2016,3.14,
08-11-2016,3.16,
09-11-2016,3.18,
10-11-2016,3.19,
11-11-2016,3.21,
14-11-2016,3.26,
15-11-2016,3.28,
16-11-2016,3.28,
17-11-2016,3.31,
18-11-2016,3.32,
21-11-2016,3.39,
22-11-2016,3.38,
23-11-2016,3.36,
24-11-2016,3.39,
25-11-2016,3.41,
28-11-2016,3.45,
29-11-2016,3.42,
30-11-2016,3.43,
01-12-2016,3.42,
02-12-2016,3.45,
05-12-2016,3.51,
06-12-2016,3.54,
07-12-2016,3.52,
08-12-2016,3.44,
09-12-2016,3.37,
12-12-2016,3.46,
13-12-2016,3.52,
14-12-2016,3.48,
15-12-2016,3.48,
16-12-2016,3.52,
19-12-2016,3.50,
20-12-2016,3.50,
21-12-2016,3.52,
22-12-2016,3.52,
23-12-2016,3.51,
26-12-2016,3.51,
27-12-2016,3.51,
28-12-2016,3.52,
29-12-2016,3.54,
30-12-2016,3.54,
02-01-2017,3.53,
03-01-2017,3.54,
04-01-2017,3.58,
05-01-2017,3.58,
06-01-2017,3.60,
09-01-2017,3.62,
10-01-2017,3.71,
11-01-2017,3.77,
12-01-2017,3.86,
13-01-2017,3.85,
16-01-2017,3.81,
17-01-2017,3.77,
18-01-2017,3.79,
19-01-2017,3.78,
20-01-2017,3.80,
23-01-2017,3.82,
24-01-2017,3.77,
25-01-2017,3.76,
26-01-2017,3.81,
27-01-2017,3.84,
30-01-2017,3.88,
31-01-2017,3.84,
01-02-2017,3.79,
02-02-2017,3.78,
03-02-2017,3.74,
06-02-2017,3.75,
07-02-2017,3.69,
08-02-2017,3.72,
09-02-2017,3.75,
10-02-2017,3.71,
13-02-2017,3.68,
14-02-2017,3.69,
15-02-2017,3.66,
16-02-2017,3.65,
17-02-2017,3.68,
20-02-2017,3.67,
21-02-2017,3.63,
22-02-2017,3.63,
23-02-2017,3.62,
24-02-2017,3.58,
27-02-2017,3.58,
28-02-2017,3.59,
01-03-2017,3.61,
02-03-2017,3.64,
03-03-2017,3.69,
06-03-2017,3.73,
07-03-2017,3.72,
08-03-2017,3.69,
09-03-2017,3.71,
10-03-2017,3.76,
13-03-2017,3.75,
14-03-2017,3.75,
15-03-2017,3.75,
16-03-2017,3.74,
17-03-2017,3.68,
20-03-2017,3.61,
21-03-2017,3.63,
22-03-2017,3.62,
23-03-2017,3.63,
24-03-2017,3.62,
27-03-2017,3.63,
28-03-2017,3.60,
29-03-2017,3.63,
30-03-2017,3.65,
31-03-2017,3.65,
03-04-2017,3.64,
04-04-2017,3.64,
05-04-2017,3.65,
06-04-2017,3.68,
07-04-2017,3.71,
10-04-2017,3.73,
11-04-2017,3.73,
12-04-2017,3.72,
13-04-2017,3.68,
14-04-2017,3.66,
17-04-2017,3.69,
18-04-2017,3.66,
19-04-2017,3.69,
20-04-2017,3.67,
21-04-2017,3.64,
24-04-2017,3.65,
25-04-2017,3.60,
26-04-2017,3.59,
27-04-2017,3.59,
28-04-2017,3.56,
02-05-2017,3.56,
03-05-2017,3.54,
04-05-2017,3.54,
05-05-2017,3.55,
08-05-2017,3.57,
09-05-2017,3.55,
10-05-2017,3.60,
11-05-2017,3.60,
12-05-2017,3.58,
15-05-2017,3.59,
16-05-2017,3.56,
17-05-2017,3.55,
18-05-2017,3.56,
22-05-2017,3.62,
23-05-2017,3.57,
24-05-2017,3.57,
25-05-2017,3.57,
26-05-2017,3.57,
29-05-2017,3.57,
30-05-2017,3.58,
31-05-2017,3.57,
01-06-2017,3.54,
02-06-2017,3.54,
05-06-2017,3.53,
06-06-2017,3.51,
07-06-2017,3.54,
08-06-2017,3.52,
09-06-2017,3.55,
12-06-2017,3.53,
13-06-2017,3.53,
14-06-2017,3.52,
15-06-2017,3.52,
16-06-2017,3.51,
19-06-2017,3.52,
20-06-2017,3.51,
21-06-2017,3.53,
22-06-2017,3.54,
23-06-2017,3.52,
28-06-2017,3.51,
29-06-2017,3.53,
30-06-2017,3.51,
03-07-2017,3.52,
04-07-2017,3.54,
05-07-2017,3.56,
06-07-2017,3.59,
07-07-2017,3.63,
10-07-2017,3.64,
11-07-2017,3.61,
12-07-2017,3.64,
13-07-2017,3.61,
14-07-2017,3.57,
17-07-2017,3.57,
18-07-2017,3.54,
19-07-2017,3.53,
20-07-2017,3.53,
21-07-2017,3.54,
24-07-2017,3.54,
25-07-2017,3.55,
26-07-2017,3.56,
27-07-2017,3.56,
28-07-2017,3.53,
31-07-2017,3.54,
01-08-2017,3.53,
02-08-2017,3.52,
03-08-2017,3.54,
04-08-2017,3.54,
07-08-2017,3.54,
08-08-2017,3.54,
09-08-2017,3.53,
10-08-2017,3.54,
11-08-2017,3.54,
14-08-2017,3.55,
15-08-2017,3.53,
16-08-2017,3.53,
17-08-2017,3.54,
18-08-2017,3.52,
21-08-2017,3.53,
22-08-2017,3.52,
23-08-2017,3.50,
24-08-2017,3.50,
25-08-2017,3.48,
28-08-2017,3.48,
29-08-2017,3.45,
31-08-2017,3.45,
05-09-2017,3.45,
06-09-2017,3.45,
07-09-2017,3.45,
08-09-2017,3.43,
11-09-2017,3.41,
12-09-2017,3.40,
13-09-2017,3.43,
14-09-2017,3.44,
15-09-2017,3.46,
18-09-2017,3.44,
19-09-2017,3.46,
20-09-2017,3.50,
21-09-2017,3.48,
22-09-2017,3.52,
25-09-2017,3.49,
26-09-2017,3.52,
27-09-2017,3.54,
28-09-2017,3.57,
29-09-2017,3.58,
02-10-2017,3.56,
03-10-2017,3.58,
04-10-2017,3.58,
05-10-2017,3.57,
06-10-2017,3.57,
09-10-2017,3.61,
10-10-2017,3.70,
11-10-2017,3.69,
12-10-2017,3.68,
13-10-2017,3.65,
16-10-2017,3.65,
17-10-2017,3.65,
18-10-2017,3.66,
19-10-2017,3.68,
20-10-2017,3.67,
23-10-2017,3.67,
24-10-2017,3.71,
25-10-2017,3.72,
26-10-2017,3.74,
27-10-2017,3.77,
30-10-2017,3.82,
31-10-2017,3.78,
01-11-2017,3.78,
02-11-2017,3.81,
03-11-2017,3.81,
06-11-2017,3.83,
07-11-2017,3.87,
08-11-2017,3.86,
09-11-2017,3.89,
10-11-2017,3.86,
13-11-2017,3.87,
14-11-2017,3.87,
15-11-2017,3.87,
16-11-2017,3.89,
17-11-2017,3.88,
20-11-2017,3.89,
21-11-2017,3.89,
22-11-2017,3.96,
23-11-2017,3.97,
24-11-2017,3.92,
27-11-2017,3.94,
28-11-2017,3.94,
29-11-2017,3.93,
30-11-2017,3.96,
01-12-2017,3.95,
04-12-2017,3.94,
05-12-2017,3.93,
06-12-2017,3.87,
07-12-2017,3.86,
08-12-2017,3.87,
11-12-2017,3.86,
12-12-2017,3.83,
13-12-2017,3.83,
14-12-2017,3.85,
15-12-2017,3.84,
18-12-2017,3.87,
19-12-2017,3.86,
20-12-2017,3.84,
21-12-2017,3.84,
22-12-2017,3.83,
25-12-2017,3.82,
26-12-2017,3.82,
27-12-2017,3.81,
28-12-2017,3.83,
29-12-2017,3.82,
02-01-2018,3.78,
03-01-2018,3.77,
04-01-2018,3.77,
05-01-2018,3.77,
08-01-2018,3.75,
09-01-2018,3.75,
10-01-2018,3.76,
11-01-2018,3.79,
12-01-2018,3.80,
15-01-2018,3.77,
16-01-2018,3.77,
17-01-2018,3.82,
18-01-2018,3.82,
19-01-2018,3.80,
22-01-2018,3.78,
23-01-2018,3.82,
24-01-2018,3.79,
25-01-2018,3.76,
26-01-2018,3.75,
29-01-2018,3.74,
30-01-2018,3.78,
31-01-2018,3.79,
01-02-2018,3.76,
02-02-2018,3.76,
05-02-2018,3.75,
06-02-2018,3.77,
07-02-2018,3.79,
08-02-2018,3.78,
09-02-2018,3.81,
12-02-2018,3.82,
13-02-2018,3.81,
14-02-2018,3.80,
15-02-2018,3.80,
16-02-2018,3.78,
19-02-2018,3.76,
20-02-2018,3.76,
21-02-2018,3.78,
22-02-2018,3.79,
23-02-2018,3.81,
26-02-2018,3.79,
27-02-2018,3.78,
28-02-2018,3.79,
01-03-2018,3.81,
02-03-2018,3.82,
05-03-2018,3.81,
06-03-2018,3.82,
07-03-2018,3.81,
08-03-2018,3.80,
09-03-2018,3.82,
12-03-2018,3.82,
13-03-2018,3.82,
14-03-2018,3.86,
15-03-2018,3.87,
16-03-2018,3.89,
19-03-2018,3.91,
20-03-2018,3.94,
21-03-2018,3.94,
22-03-2018,3.93,
23-03-2018,3.92,
26-03-2018,3.97,
27-03-2018,3.98,
28-03-2018,3.98,
29-03-2018,4.00,
30-03-2018,4.00,
02-04-2018,3.96,
03-04-2018,3.96,
04-04-2018,3.98,
05-04-2018,4.01,
06-04-2018,4.03,
09-04-2018,4.06,
10-04-2018,4.06,
11-04-2018,4.08,
12-04-2018,4.15,
13-04-2018,4.14,
16-04-2018,4.09,
17-04-2018,4.10,
18-04-2018,4.11,
19-04-2018,4.10,
20-04-2018,4.03,
24-04-2018,4.04,
25-04-2018,4.09,
26-04-2018,4.08,
27-04-2018,4.07,
30-04-2018,4.06,
02-05-2018,4.05,
03-05-2018,4.13,
04-05-2018,4.20,
07-05-2018,4.26,
08-05-2018,4.26,
09-05-2018,4.29,
10-05-2018,4.30,
11-05-2018,4.27,
14-05-2018,4.26,
15-05-2018,4.33,
16-05-2018,4.40,
17-05-2018,4.47,
18-05-2018,4.45,
21-05-2018,4.47,
22-05-2018,4.56,
23-05-2018,4.59,
24-05-2018,4.86,
25-05-2018,4.71,
28-05-2018,4.73,
29-05-2018,4.60,
30-05-2018,4.60,
31-05-2018,4.49,
01-06-2018,4.49,
04-06-2018,4.60,
05-06-2018,4.64,
06-06-2018,4.62,
07-06-2018,4.62,
08-06-2018,4.56,
11-06-2018,4.51,
12-06-2018,4.52,
13-06-2018,4.56,
14-06-2018,4.66,
18-06-2018,4.66,
19-06-2018,4.72,
20-06-2018,4.76,